<Configuration>
    <Appenders>
        <Console name="Console" target="SYSTEM_OUT">
            <PatternLayout pattern="%-5p %d [%t] %c: %m%n"/>
        </Console>
    </Appenders>
    <Loggers>
        <AsyncLogger name="org.apache.cxf" level="WARN"/>
        <AsyncLogger name="org.apache" level="WARN"/>
        <AsyncLogger name="org.springframework.beans.factory" level="WARN"/>
        <!-- Mule classes -->
        <AsyncLogger name="org.mule.extension" level="INFO"/>
        <AsyncRoot level="INFO">
            <AppenderRef ref="Console"/>
        </AsyncRoot>
    </Loggers>
</Configuration>